# https://youtu.be/TV5m7KvWUj0?si=4FcsqXBD_uXORTdJ,
# https://youtu.be/r7Ve8ExE8YY?si=zYdJNcDqz_ZWtwm3,
# https://youtu.be/Z5hoMqmpgzw?si=vsxfYYGmImzk0D38,
https://youtu.be/KZT-_VW-k38?si=BODFbKI9PxHJNxyy,
https://youtu.be/RwSDPsSWPzY?si=C29OyKAuMW6nfsx9,
https://youtu.be/Wh1GINmXSdY?si=WyDS1jhgBaKi3Zmm,
https://youtu.be/isL-5S0ihaY?si=P-25E5FWhj_ZbCcY,
https://youtu.be/_R_e97VVATY?si=rauqSrHUDK79Tbtf,
https://youtu.be/XezIKxtGH7Y?si=g6mftN-NeHC2GoTW,
https://youtu.be/gHgv19ip-0c?si=eQMOXeCmSd5MPLD_,
https://youtu.be/PVw7_TD4u3A?si=WQne-YoXUrigCxu1,
https://youtu.be/ri7E8IAoVi0?si=leioXLrjNnTISbZF,
https://youtu.be/NKNKqQtjAbs?si=M27IguPs91IKMZVx,
https://youtu.be/WW2sPJEgp4c?si=6DEtExpUnfncha8-,
https://youtu.be/LSvOTw8UH6s?si=-WfwPnz9ylPkDa9n,
https://youtu.be/Je6MoyLL5Uo?si=FSgodyqhmGqfIYS7,
https://youtu.be/3z9Kmla_ceA?si=sJetnu4d5fRklJQA,
https://youtu.be/-HXUyEWP1DE?si=S8FyxFe4Bb93hGIr,
https://youtu.be/iVUFb0VvQ3E?si=xH7o9npwbZmDUVQW,
https://youtu.be/en1ns1lRAuI?si=Mg3x0Bmz3UYWK0CE,
https://youtu.be/KuLCrgTqfAg?si=5fOtch1uzEvQvd71,
https://youtu.be/O1asGKxmS34?si=VIolEP3uTRawT3o9,
https://youtu.be/5mOn1k4M2mU?si=jD03_f6VHqvxC2dG,
https://youtu.be/LAMiX5EEbFU?si=iJydjr_nMEWCK0xp,
https://youtu.be/JBEoDoUolPY?si=2iJanGid9c1MAqJU,
https://youtu.be/hDuDYYYZcqo?si=6TRA5StdgVv51RYN,
https://youtu.be/3jzGo101jkY?si=m02wCdIPhc_gVT8D,
https://youtu.be/2uV5sKnAQIs?si=LNyJo2F-rXWKasUX,
https://youtu.be/BIhGIEfzVDM?si=TOhIxLkbr_s1_qgi,
https://youtu.be/8zZ5IWc1do0?si=bRv9n6Mh3P--lcJF,
https://youtu.be/806sukxpxOI?si=gvSkDUe-KM1ggZEc,
https://youtu.be/pbvvL53fTTg?si=qTyC8968ILeSkStT,
https://youtu.be/mk3V-iuhIX8?si=Rernss5XJrsGC3Et,
https://youtu.be/4DNy7jOHoeM?si=Ij1LO8ruZk_djXT4,
https://youtu.be/JNSWLO_7lU4?si=hGLl4aGjU7B6nczh,
https://youtu.be/Hzy9LnU6-LI?si=sK6cZh7PZxG9sED9,
https://youtu.be/eGNSzKzaidg?si=Bq47ZE_PZo_cg7sn,
https://youtu.be/g9t6gIKvxts?si=ozEEVIjs_BKqyosI,
https://youtu.be/PcNsj74j568?si=gr3wcq6q5gTEQhh0,
https://youtu.be/7RybPdm1Hqk?si=LF_qtAaT-g9D9NAi,
https://youtu.be/PJTmVWzpDtc?si=o8BO0zcxnmhsnUa8,
https://youtu.be/Nuei95nHFxA?si=O9XOv0JRlf_d_3rP,
https://youtu.be/k1W50hyaUPo?si=Mk8-fUCqtJuc6z4X,
https://youtu.be/xqcsVEnVE8s?si=_kXUehoD0citk4vV,
https://youtu.be/LtQqRvI6PF4?si=upJDy74YdZOLJyn5,
https://youtu.be/pl5WHx8QCVk?si=oOPeeq9CrlPbdo7b,
https://youtu.be/6lNBsqUtfKc?si=oNU2tMJbBJLypzP_,
https://youtu.be/FiL3518nxks?si=cXP5CZCMzB9LdDWT,
https://youtu.be/ZTVfXK9NA-w?si=cWcKxPjMsWDeebC4,
https://youtu.be/ZAuYNq-vNdQ?si=gQxMHfDujQpkYssG,
https://youtu.be/4VhXtw4kQC4?si=IviZRNTsvd9UKbJq,
https://youtu.be/eg-hSOzC_wM?si=EVOO0TQnfFuHBXWl,
https://youtu.be/nDz5SzpA3Xw?si=_SroY5hjC9LywVUd,
https://youtu.be/h9GEPqBssVk?si=X72X-h4Hr85eqBr0,
https://youtu.be/YcspImXU5yI?si=3reAxRI3j10PKdhf,
https://youtu.be/wIBnTfrNggo?si=ueOGZ4AiDSxaDDKL,
https://youtu.be/uVBQYow1X5g?si=N6WTMKfxDWsmuA8l,
https://youtu.be/hyfV0GBe18w?si=Mz_jmArhvrpZd42_,
https://youtu.be/Ey6C1PPFxjY?si=wlII9xFZWsVvxMwY,
https://youtu.be/IbpOfzrNjTY?si=dzgV96ikuVwkRMdG,
https://youtu.be/po94umxnAOQ?si=MTLLTcVwFC23pQ5x,
https://youtu.be/NQxDwWC64Z4?si=r63yCLQkKaMaSWqI,
https://youtu.be/PeKE6Bet5ew?si=eStlX0ApvNWpEvmt,
https://youtu.be/EV2B307R7qc?si=3nIHONanEH2uVOjp,
https://youtu.be/Z3lAiytQJJs?si=cpd2y9GMffR_fr83,
https://youtu.be/MUdIKF4V4m8?si=NHIIONo1K-Pzi6gr,
https://youtu.be/J4JisubEvSI?si=bOPCCSs3KV2SvHn6,
https://youtu.be/7yeksMKVOno?si=Hp3hGbxHA2Oa6jgt,
https://youtu.be/9aRlxHtB0pg?si=KNNb6rn3932QqFcy,
https://youtu.be/jP_uUkBfCM4?si=aX-bgp8sK02ZTZvU,
https://youtu.be/hAXCNeAk7-0?si=RNWONHuQBmolSxM_,
https://youtu.be/omuYo49_SOQ?si=FMOMnsRanugaYE95,
https://youtu.be/57mILWYveCc?si=amEnGDXrXtF5_XDr,
https://youtu.be/uxwU_NhKck4?si=XsinWtHVt59KAbYj,
https://youtu.be/tfY4OfUXiYU?si=LNtRD30cUZhluUub,
https://youtu.be/hGCMeI-5-ss?si=UfSrYnJ3Ovtqujvn,
https://youtu.be/ZMr93ZZMFmY?si=4rT7WdmF1oXlghPr,
https://youtu.be/4_r9FXOF-mU?si=ko5wqfoT-pIP7U8J,
https://youtu.be/QMS8x_cifKk?si=Jymwyw9fhbpJuVq0,
https://youtu.be/Li-Iyh7Jx1w?si=vcvzEcScsSuNIkI6,
https://youtu.be/SDWYlXuU6-E?si=cXnBsTIGmIlRR98g,
https://youtu.be/fCxFymyinTM?si=VrFTR_qC6ZM1X9Xt,
https://youtu.be/S6E2PhULfLc?si=MSPQ6G96dq_qO1Ro,
https://youtu.be/L2KWBsQMqKs?si=3_7OCHU0jNgUlqE6,
https://youtu.be/W9qT8R99SFc?si=WBxEmPR6nN0bu23d,
https://youtu.be/nMLHFZBBj-U?si=cKZ_lZlr9G86oE8T,
https://youtu.be/ShijF3qADy4?si=tF4PYwcYAgxKJbMm,
https://youtu.be/TI_xOCsEmk0?si=pENN2WTDa9KikbcK,
https://youtu.be/lFjAkGSGgvw?si=wkR1W021AcljRX5W,
https://youtu.be/aUTzZGR64mI?si=iXibc55calGTep5o,
https://youtu.be/7mkePUgLO5U?si=1Npx4Yi3t0HouFLg,
https://youtu.be/x7bIbVlIqEc?si=ZmqAdJz-uVLB67IQ,
https://youtu.be/9Q8SxnbL1ms?si=oDF4-WqSQFRczTks,
https://youtu.be/mTwjUE60HG4?si=sbAZeZj5YP0fuQTN,
https://youtu.be/O_4OfD-wmGs?si=f4qW_hx__JG9Hwvz,
https://youtu.be/FLTchCiC0T0?si=jFhMNXVk3veRUszw,
https://youtu.be/hZT4tPfWxfg?si=HifbMP_Z7S3sCw0l,
https://youtu.be/Zljvp9-ekyk?si=ZkDGoQoiztQGMRi_,
https://youtu.be/ErVNPpq1pfU?si=TnbPt3WJgxkmvBcM,
https://youtu.be/ELnETx7ewQA?si=6M3JcZ01dIME_dPu,
https://youtu.be/fMRU-E57qSg?si=LxvyPpqavZiyn_1g,
https://youtu.be/mOju087EGR0?si=bYx2MJPS_Y-rsXL_,
https://youtu.be/6klSJDfazN0?si=olADqOaqWMj6ubyk,
https://youtu.be/ONyL4ol28Fg?si=2gLoly_MRF6mE20z,
https://youtu.be/n9h7hU6_VI4?si=vhXdW0CUILm7C99A,
https://youtu.be/LbVA2udEec0?si=y6DJEwUjkTfuDlV4,
https://youtu.be/8TfeCAJEZeA?si=rIy1_Pwl5yYAABze,
https://youtu.be/3obbhI7qGSA?si=6T1yxJIbaF9ALM4d,
https://youtu.be/vdioZVt25MA?si=eS0OmNS8hqE-Mqzh,
https://youtu.be/Mo6Cqum0Kzs?si=BSQ4Amr6K73tw04H,
https://youtu.be/GM5SwypuLeA?si=ut5SLerePYpWfdsv,
https://youtu.be/2dHdy0iiVjw?si=CW4R9Qtaxt_JOBFQ,
https://youtu.be/2dHdy0iiVjw?si=xAUB-rNzKUaLbGFt,
https://youtu.be/67a639UullU?si=vCwGcZFY3mamhRax,
https://youtu.be/Z1n-Nkmt3Ks?si=tTVJeE3SECRkbepq,
https://youtu.be/pg2iD_E_FCo?si=oyXsVOIGvZ_-pTQx,
https://youtu.be/meYF7XgBrcg?si=afAcEkYXlR8XUrDe,
https://youtu.be/TEXwv8VLDmg?si=RUXVDZAcPrJ24JoJ,
https://youtu.be/NBvOHby4ZfE?si=M8Vl_aqtBlo0Vlfj,
https://youtu.be/9MCK4MnLy1w?si=ELNqAIKaB0Blk2Jt,
https://youtu.be/mfYUtROIzDk?si=aS_HApHGCd8x9fHS,
https://youtu.be/-N4jf6rtyuw?si=iRasW8Qaac-Nb36P,
https://youtu.be/zq2pagG8_ok?si=Mk2hY8l3bPdoYEnW,
https://youtu.be/Oqz2QNV58fw?si=Ve7yp7oi6pWdy0mz,
https://youtu.be/pdZ3t2HaPFs?si=PWDtjowBvKHzMa7a,
https://youtu.be/KcZ73FRFLzY?si=FbJOyfUZ5D2iv3Bn,
https://youtu.be/JRqRVAUlA4E?si=yrKmgtBi-DL3Gn2t,
https://youtu.be/6dAL9ztYRqQ?si=6tk1YE8kyktx0kkr,
https://youtu.be/8nW-IPrzM1g?si=YpUMRg2-Yy0vGeeW,
https://youtu.be/h1_OMfI3UW0?si=lx3F2bliiIyyHUfq,
https://youtu.be/FN4yxR27rfI?si=dEibF85SZ7QrsfBj,
https://youtu.be/hI7uj5EzuGQ?si=f1g9wddmdSnH45Di,
https://youtu.be/4QUN2lMMT6Q?si=STAwsNI9uOrxhRvY,
https://youtu.be/WNeLUngb-Xg?si=YZ56kLtKG8jOqYtm,
https://youtu.be/yDr1spKiKko?si=MpwbgVWm5-6k5mB2,
https://youtu.be/NmIBSeFhnfc?si=AxX3FUDdIihp0Ftw,
https://youtu.be/FfAjtZgLkPQ?si=b6-GxBar9zCL7afw,
https://youtu.be/5wDyvoTSHlE?si=mov9IlXREGouLxaj,
https://youtu.be/mWKDZRJWdF4?si=NVGuUkv10lpD-Gjs,
https://youtu.be/nF3dKA9CCQE?si=QD0TP3nLdVyf9T6R,
https://youtu.be/8SeBRaZ1oQk?si=HEQUGdCg_8HDDt_Y,
https://youtu.be/B75TuX2pEy8?si=RpHc8dpWQIEMjbyS,
https://youtu.be/QpL8P8cEXxA?si=fN8JLWgTjPORlkUr,
https://youtu.be/8ahN0f0r9JQ?si=wKbm1T100vD0GBpV,
https://youtu.be/UjxtjE7soAA?si=K9eyk_v1qAR_TCst,
https://youtu.be/wQBSizPqfhA?si=XDY3T7shUCAhdw8L,
https://youtu.be/EROvwXqYGKY?si=7gCMYzqOgpWJgQVl,
https://youtu.be/rDO4cPmjMJ0?si=KWNsQ-EimFvTg-Gl,
https://youtu.be/lHX-7MvmoDg?si=UbnP9KRbF_mAVsIQ,
https://youtu.be/r-kCm6gpu2A?si=gOjybaRM8C1FCuvj,
https://youtu.be/Fk9WrVMCpOE?si=X7uwV8LW1FLcXPM8,
https://youtu.be/vA8-GGqwSDs?si=T2jhd3BSZV-ZZe8N,
https://youtu.be/ckxmPRVnwMM?si=puR8rjlI0a_Rwa58,
https://youtu.be/fT4vrWWk6m0?si=MQ8ttKCj_pidBtWa,
https://youtu.be/_zUHiXcMbSw?si=AkLK6lLbV0OVGRoH,
https://youtu.be/9HrxWoTN-70?si=shclQGhQD6qSgkxW,
https://youtu.be/QnpqF4VsPZk?si=Wv9O8CyJms5z9hhI,
https://youtu.be/6aaTd-S-fdE?si=C17dO22ghADjtIPh,
https://youtu.be/7QWlmDj3Dlo?si=KMTCO1RqhYKUABng,
https://youtu.be/6Y9QoyZ47Dc?si=TO-mQ6mvtmetFKoT,
https://youtu.be/i3wAwSkCYFY?si=HU5k-Uho6HC-82_O,
https://youtu.be/qU9mHegkTc4?si=WeMovWHkx8QniCO7,
https://youtu.be/bpOSxM0rNPM?si=o8T1C5AZycpbwrP9,
https://youtu.be/NgLWF2XJyKA?si=z8X7kdOFKmEOe6y0,
https://youtu.be/uR3bNrIg9eE?si=tL1FJ1sZf3Gbys1c,
https://youtu.be/3PyoxMSEHYI?si=OEPrS8CR3C5XIVj8,
https://youtu.be/-bzWSJG93P8?si=A7OcfAQjPRXLyXho,
https://youtu.be/HApW4D909Dk?si=HCYlXzQF1UXZz4oa,
https://youtu.be/OBetNMj13tg?si=6a8RwVkHWIrg5Y1h,
https://youtu.be/C_q-Jg-SVPY?si=VJBaH9zinYj0Cnzq,
https://youtu.be/IYblprTpMlI?si=9bqdBIlTirjYiWvV,
https://youtu.be/0q16DpOE2TY?si=5SrSkuv8f-05ddT0,
https://youtu.be/s0gJq8_aw20?si=ieliyCBNEfUVLAs7,
https://youtu.be/IBtytCBNJW4?si=v8m0Sa4WdYiZ3v-H,
https://youtu.be/qa_t0EL1-Gg?si=FZqdlpBH2dArkBSQ,
https://youtu.be/tgbYZG67UaU?si=TpGuHzlhacTwP3qq,
https://youtu.be/LTxHQTvYdbU?si=ym35R8S6X36wPg-p,
https://youtu.be/bLuaiWpejQs?si=ookSttliC8kWIz0B,
https://youtu.be/fHI8X4OXluQ?si=cDehbsstaIuZ5gBf,
https://youtu.be/NFB6Y2Qt8ag?si=37H56jbNupv4KiRk,
https://youtu.be/Xm8UTv6LSf0?si=aDOAE3zrbMeUTfIj,
https://youtu.be/rHHs2OLZKtM?si=kfJX39BkxZ85T1OC,
https://youtu.be/Wk92_WQUuUc?si=Hb3n_M8NziR-0QlO,
https://youtu.be/Qy9pkQH0FaY?si=4iTFBcSz9I_aGkiA,
https://youtu.be/1rf9rGqqKuw?si=dI2UUazDsg7WDtm_,
https://youtu.be/v-4WdmyTB6E?si=agdyw1TMC7C-BoXK,
https://youtu.be/9bzTIYUDaME?si=EWkiQB28_79wqYD0,
https://youtu.be/YaJFUMtPrn0?si=paZifjIUhPrVTRh_,
https://youtu.be/7bD_r5u3znQ?si=DvAYoa5BoYiXcoez,
https://youtu.be/cmM_K4akTLQ?si=je-2R6Ocp0rhibp8,
https://youtu.be/ukzOgoLjHLk?si=jU7VzhqEYims-qn5,
https://youtu.be/AfY4VCJNwSY?si=jOw6NNxH8njGZWKX,
https://youtu.be/doKha3DtzyY?si=AYJuFjA-zzJlkCXq,
https://youtu.be/00mAlg1qylc?si=FFnJXAvP22cKuRT6,
https://youtu.be/qseobtp6jF8?si=ViP_OoEzPltiRnLk,
https://youtu.be/RXLzvo6kvVQ?si=e2FRsx_YSniHxGzI,
https://youtu.be/yJHi_Mii4lY?si=vDKyqQLbYP6uooDj,
https://youtu.be/YMFxCHiBo10?si=8VrmVcYDtTFWTmKt,
https://youtu.be/0Ey3AWqAem4?si=9RlsHFCtBb1xcnRp,
https://youtu.be/L6Dx9ZcgiDc?si=t71bx9l1zloIy9uk,
https://youtu.be/tmIO0eSAXrw?si=In7dK34_Ud2Md6oT,
https://youtu.be/qtLXOKC1SHE?si=XXZkGFJRIH6zXjec,
https://youtu.be/hAmZJ1dycZo?si=_1PPe8nljvpF-McK,
https://youtu.be/e7nIQ1yoCCc?si=r2l28YpcvBXkDLeE,
https://youtu.be/AS3k41vOYF0?si=FscKUPWn179LCe6Q,
https://youtu.be/e5vxhtbu3MM?si=MjXybf7ZeWkO0yz4,
https://youtu.be/2rOi1fy954E?si=O7zbcDLfk5CabdwJ,
https://youtu.be/TdjD6YCPqJk?si=4S-9_8eFEknWRXiw,
https://youtu.be/7_EeCkHs-e0?si=rex8QyrVbdjxJQez,
https://youtu.be/oCXIEfHR1Qk?si=A9uhHQZhbdD76dgN,
https://youtu.be/HOhprgTA7L8?si=_l4gMdE27-8zhRVp,
https://youtu.be/pkACVyU4PmA?si=eQx1QrHaYVhooG06,
https://youtu.be/yc_HG9xAZJ4?si=8Vh_RQuV2UHmXKCl,
https://youtu.be/4zOXKuzsphY?si=8OgnzXnNFQJGti_L,
https://youtu.be/G4MxSa0GUvY?si=Si1zd5dcor6dXoiQ,
https://youtu.be/iDWjlEYidNk?si=cGmDx99-KO74K92J,
https://youtu.be/VUbdylSJadA?si=xVo5jb4hpa4DhxUM,
https://youtu.be/uVsVxgNR4gg?si=g8k1FYubbeGRUyea,
https://youtu.be/rIq6i4-8Nww?si=gdBFI3N68wsgHOhw,
https://youtu.be/8k0Gyp366Ng?si=YbHcIFgHA1KI74H0,
https://youtu.be/l4h1u1gQStE?si=kvbTrhhqSD2zF2VN,
https://youtu.be/_iXK0fL8f2g?si=aUHhM4s-kHzpWFi-,
https://youtu.be/-TP3vBHOpUA?si=RcSO5nccb8VssLQm,
https://youtu.be/pyb13N80DZQ?si=wvtO6qRVAqJ5l9Hc,
https://youtu.be/BoatSoGva_I?si=YAdKSSlHQ6VJrTmV,
https://youtu.be/TIT8w0O-Cpo?si=U39Wp4mfNx6KTvUE,
https://youtu.be/PWqEPKduGm8?si=WGW62pz-uTinWKJ9,
https://youtu.be/rbRSYYPSjWc?si=F_OSZ0hpCptSgkPX,
https://youtu.be/jPQ2TD7DK1w?si=L_M_nzRbiA4WjPyB,
https://youtu.be/eQhbeUq_NOo?si=9hIrDDH8lEUxyy8B,
https://youtu.be/6SoiA4eIT_M?si=mx_fy1DQdeOpL91n,
https://youtu.be/m3uJastt8N4?si=RxxctCOKOpyR-5mu,
https://youtu.be/-5thY1NO5-w?si=Borfw3D3hqWgfBCz,
https://youtu.be/w9WwDddpHrg?si=BFt4OVv5DW9RwQ-A,
https://youtu.be/Y0VfxCnP6_o?si=yXVNlXe4nCdtlKiW,
https://youtu.be/RBtlPT23PTM?si=ByrBuWyxUtD1lNkr,
https://youtu.be/8LvAiJYKoSM?si=efV-U12cZeElkplU,
https://youtu.be/_eDpH4hMW1o?si=4qRBB85Nde55IrzT,
https://youtu.be/pu2Q3b5JJsY?si=oD0j3LFVdsfbpOoD,
https://youtu.be/IOrbP1OqNsg?si=o95Q67kATJjqEOvE,
https://youtu.be/4VxdufqB9zg?si=3sicN16qavi-H-nF,
https://youtu.be/q5_K2ELwl_w?si=TjSA9cqOwnTnOypO,
https://youtu.be/CD_tD26E7k0?si=uk6UFBb0nE2V80Jr,
https://youtu.be/ele2DMU49Jk?si=OTft2zFq-rlx4mB6,
https://youtu.be/4jArvf14WvE?si=BMaN43axrYvYBmvW,
https://youtu.be/7u1Jj6aRIec?si=btNcxzXwq69xZABH,
https://youtu.be/xFYQQPAOz7Y?si=0yFXf2l54BOVsyqT,
https://youtu.be/XbGs_qK2PQA?si=il5HTRJOkw6OhyOT,
https://youtu.be/JDfG-THrZeY?si=lehtzMtxt224XU6j,
https://youtu.be/tajQwMVpxow?si=lfWIZMXr9ViXNDhZ,
https://youtu.be/T9DgkCZoec8?si=0iHhM_AchCnxCIVC,
https://youtu.be/Vx64DLqahGs?si=m6XrRVkI-LN-WDJ-,
https://youtu.be/Z8INzXR0J_8?si=QlCXX6KC-FWsfvgV,
https://youtu.be/BKSSQl5lAtA?si=jnSAI3F_vSh64uwj,
https://youtu.be/51OYAQmHk6M?si=aM-SMMLIyncFwPuu,
https://youtu.be/yVIqSQ5ruVg?si=Xup-038l29_j--xN,
https://youtu.be/w-sQRS-Lc9k?si=Vtd4WhaBlMS5-mbJ,
https://youtu.be/Uil0L-0F4no?si=0J65UBIkZe2_52KT,
https://youtu.be/sUMFwnUGZ3I?si=dPaAVCUY7oFSgt0N,
https://youtu.be/OE140zsQ08I?si=Z7MEvQD2mPhoeweF,
https://youtu.be/5iHwC7vk1ZM?si=j75dBqClEaW7vSkB,
https://youtu.be/LJhOsKYnNkA?si=z_4FlhL8JsR-y_3I,
https://youtu.be/jXQXn-kZ_jE?si=YUD-xKU9MUSYJKtb,
https://youtu.be/aWxBrI0g1kE?si=IVPdNDJNCI3qWaZZ,
https://youtu.be/fslvoeqiGZg?si=F5WXT8cy1kpaZEnZ,
https://youtu.be/OeQ1jUFskOg?si=ftg2-Z-RkJGN1_WD,
https://youtu.be/KuliCkN2oic?si=7HhsJOJ5rySm24y0,
https://youtu.be/M7VTByl6WqA?si=skAmE9WItOpGHda9,
https://youtu.be/2KVS-MYD3Fk?si=OXF4GoEGtWjGRLll,
https://youtu.be/z_YMqcLmsq0?si=p667gz85s2bblbz9,
https://youtu.be/E0ozmU9cJDg?si=a_DOFxpw5ymDfAKO,
https://youtu.be/n-miJQUD9l4?si=mn5nQ6R4I7z0d7cu,
https://youtu.be/sVvtdV76axM?si=kMS0Q2TXwdijH8vU,
https://youtu.be/EriaZdL818M?si=4J5FhvwDXIwNo-yB,
https://youtu.be/7GdsftXc0yU?si=goGeLgyWKohdy-W3,
https://youtu.be/_t4Hw7BGMjQ?si=tsFbDbuoCPualx_a,
https://youtu.be/gRlHBTYKyVg?si=fp1VFX2LP94wk-wx,
https://youtu.be/T9GmO_WFhjQ?si=smTh_E1UyaXtnaIj,
https://youtu.be/uJcFlQajrMI?si=5v95XWRoPxLHbmiV,
https://youtu.be/7j7twuejxvU?si=pNJ31crb159PvYc9,
https://youtu.be/EI-4f3yUq5U?si=BpPmnsyrzAaFDlDH,
https://youtu.be/9R7hZ7VOJ58?si=4BtyckhCmR7_bTFO,
https://youtu.be/WdPiOizr4eI?si=_Rg5K_Syxdy4Aa9t,
https://youtu.be/g9Gwev1oEHw?si=YlvJ3MHnWCw-nTW5,
https://youtu.be/4UIFRUS0YYY?si=wcjNny1AW85s3y55,
https://youtu.be/WHj7WPeooCo?si=9i7-Z5RJv8u2bVcb,
https://youtu.be/fd_7jIC9180?si=WFwAl-tKZ8hjJdsS,
https://youtu.be/QNG9gSJKbAo?si=Er5eWzLaTvAFq4sJ,
https://youtu.be/24tFMeloa18?si=39DY73QwNg4cJTfZ,
https://youtu.be/OFP3lEHOpA8?si=jkHrZ0MeAklRAzFU,
https://youtu.be/FBDJN9mfI1A?si=qlnebs2pmhNSMxzm,
https://youtu.be/hSwxEfzEGiI?si=VX_AyZFHeK3AZRgS,
https://youtu.be/zsXZC7oZ5qc?si=smnUv3RD1hOSLxXv,
https://youtu.be/dKEm_TSx0I0?si=t3P48qZXGZntEV2Q,
https://youtu.be/IMA8WdsiKPQ?si=w-zaK9CEGcfNfRL_,
https://youtu.be/9EiE0BfmXrQ?si=amRRNx1YauhKhKQZ,
https://youtu.be/gYykMx3dS3I?si=KxqZO3xk_xbxyo1S,
https://youtu.be/NTDr8mziy4M?si=CPt_OD4G42WUIl5Q,
https://youtu.be/3K3rjRWQIlY?si=v5UUcj_8PcF-7gRE,
https://youtu.be/qJsrcNXnE2I?si=SZdc3okb-AY4vrer,
https://youtu.be/0l1AxQUbqd0?si=1HMnH_L7ctJkCG-v,
https://youtu.be/IPaYtgFXSLY?si=G4V49X_HHbAVKYjD,
https://youtu.be/pn7C3DxwFnQ?si=uNyoHVdlTcz5dBnE,
https://youtu.be/pn7C3DxwFnQ?si=Uc0Y3Z07vvbZJ9eC,
https://youtu.be/tXj5hiGmPTQ?si=0IvWy35HVaD9dO0H,
https://youtu.be/m6yhGhINwc4?si=BiQMyQiFkvPoJtgA,
https://youtu.be/tVif3Z_lFkM?si=IVXPhuEaRlxX4tYZ,
https://youtu.be/GUurlQ9kqSc?si=4CVwBsQtmyR7taLi,
https://youtu.be/AwkF2gNHSrE?si=tzRr6ukqRC5NYZhg,
https://youtu.be/FTWjo6lRLqo?si=j7vlv-AnqvqgqBjH,
https://youtu.be/eg-AwKRUFec?si=pWW21wG3L0rM2rMP,
https://youtu.be/oIJjQxpyYRw?si=FPCauLcQJEZGs7ML,
https://youtu.be/CQ1dBHQ3n2I?si=dxviZkDXpQC_Ar_l,
https://youtu.be/r6ttyK890lM?si=bekNMQX1NaSA5E4Y,
https://youtu.be/GnCfbR8FJ8U?si=mmGIU2Tx2CEUBQRr,
https://youtu.be/z1lCqmiN-NI?si=mv9XJ_D-OSWyJ4fC,
https://youtu.be/2seCB54Bv-c?si=Pj8ImeX5p-v2F5TS,
https://youtu.be/ItBOHxAOgYc?si=8xYFSuv7QBOu-eIE,
https://youtu.be/V9RbUwvqc2U?si=5tYns6v_Z7YKFHC6,
https://youtu.be/VjkRKXQaFiE?si=oQ5quFG0uZCfamUq,
https://youtu.be/LLKbtcwS6Ys?si=DLd8JwyuIBUXp5jG,
https://youtu.be/PPOuE7ogpCA?si=N-7LsjFtYU6QRbIa,
https://youtu.be/XlNqS0GpyEA?si=EzmunHTco3_IOLkh,
https://youtu.be/jMOaKT-HiFk?si=xisZGgBqhVigsZkP,
https://youtu.be/oDCYvkJPxqM?si=gisMCTPo7Iroo6uV,
https://youtu.be/UzLuGZ1i-aU?si=7hVjhf9OsoHxNjVK,
https://youtu.be/vjvsJzgb1cg?si=hyvHIjaRjiK--KIK,
https://youtu.be/46i3LbIbbhI?si=5U1aFPX-jwAHZ2c3,
https://youtu.be/mIoMDzsUZCY?si=AXec3FaXbX_SkOtZ,
https://youtu.be/NS9z2QHcZdY?si=wdiULdr_cjXlrXhu,
https://youtu.be/RNy-qL7dHDg?si=rnhUIEGutzd1IzeJ,
https://youtu.be/GIs-7KaWzLo?si=R-bIHubqrgbn0_tx,
https://youtu.be/Kii1mdfiX3Y?si=K4Yjq-HzflZYo-f7,
https://youtu.be/83mhHOytg4U?si=KYlNko9cqSTamGkS,
https://youtu.be/e_l9BDtjyNk?si=dmnb6HsS7bQM-FOR,
https://youtu.be/13-XSrgFl-Q?si=v-uRasCxdQVNQzrD,
https://youtu.be/TuxMwALL_S4?si=G1pkdvHthQlwJlRG,
https://youtu.be/uYJYeYcm27E?si=zEO3FqeCg6SmXGUy,
https://youtu.be/YnBzCuPYe0A?si=6Dkr26Ao-YvvBBWY,
https://youtu.be/B9e623M06xM?si=0kLWvc8ZNGPy8Px2,
https://youtu.be/Tw0_qHNRAEA?si=1Vxx3Uwh3mAG1Ycs,
https://youtu.be/VoEsEC2CLgE?si=Ho3DIpIvnj9csHD5,
https://youtu.be/sLWpTooEttI?si=uPRwIFJC3RiKaLDO,
https://youtu.be/fjUGC8g4GOE?si=fqRpXia617BYDZ-Q,
https://youtu.be/WlTlUseVt7E?si=AaXp0Gkn8BDpOD_l,
https://youtu.be/7CTJcHjkq0E?si=LobRTr-RRU3j9wjk,
https://youtu.be/89dGC8de0CA?si=-QyynEMJYKrcVHyT,
https://youtu.be/f2bV87F9zrM?si=r8DCW1Mn3i9FnHFf,
https://youtu.be/AY0W3bGGC1o?si=9YL5_PGz3Pi61QQM,
https://youtu.be/VM0jDukOdBQ?si=l91pA4sjMeiLcJ0G,
https://youtu.be/PTZgxW_3LIQ?si=abkjw_9uKVN1pWWt,
https://youtu.be/RKmfq0fDe6s?si=ovv2HnHaBGvwUvob,
https://youtu.be/1r3fxavbkgE?si=r_0wRhe0Mn7C6ok6,
https://youtu.be/S-aB1Yl5gmI?si=srIt4HmMgPne44Gr,
https://youtu.be/kyZlKcI86bs?si=iz5aIS2aDfIgoVWW,
https://youtu.be/sVx1mJDeUjY?si=iMTBWY0xMiHwBW_4,
https://youtu.be/Hh5jEQraXaw?si=QT5r-0EpNUY7V8R5,
https://youtu.be/Cq5bcIUQF5c?si=EgfiPkYkGofrHWyO,
https://youtu.be/UtagUSECwOw?si=tnAw2qrOWgOneOrJ,
https://youtu.be/niub__8GqP4?si=Suu_ZvhiewQFxHCp,
https://youtu.be/hwy0636eYsA?si=JUwLMjxLvq_SpPKU,
https://youtu.be/l6lMaLICivo?si=vMSN8GqjLYYHpOs-,
https://youtu.be/IKqV7DB8Iwg?si=QGt0_tlrWatj1r2d,
https://youtu.be/y0LSa8ULb8s?si=zoTOk7CEThIUyCGo,
https://youtu.be/IjiYliFL3es?si=V_RznYC3yywD_1Z0,
https://youtu.be/o_Q8oyheR4Y?si=oeorxCyrRtD19fTR,
https://youtu.be/Ox_I1yEPPQc?si=6ie7bph_2X4z5GOu,
https://youtu.be/Me3_gSDpoXg?si=JSPZROOScuVOcCrv,
https://youtu.be/7pirFsqx9H8?si=Rnhlss6IDLQGFR92,
https://youtu.be/aGx0T9kPr9M?si=Gq3ypDNWxAE5MyxF,
https://youtu.be/g2XfjQM0rpY?si=rMOgV6v-d8ArwEAZ,
https://youtu.be/uHX8iaDMQMM?si=4w1IZqY4OlumuntB,
https://youtu.be/tSBWmxwT8So?si=iPSMmJ9mfn-BTUjR,
https://youtu.be/hmpJqJLsR48?si=ovBH6YxBDvo-72Ec,
https://youtu.be/GqCiSYVexPE?si=hI9CdScLWj4nPaLf,
https://youtu.be/njm4AMeWys8?si=QKNFWh9-ASA4JtcB,
https://youtu.be/2xeBMGNSi04?si=fnxL7zijcSECGUmW,
https://youtu.be/lXgbXp4CDUU?si=uM-z-_ryU4LzP5KY,
https://youtu.be/fSaNCZRQR7g?si=-wscncablPvyHveJ,
https://youtu.be/vlCKV6pHPhE?si=Cgi3JoGjNbTlSm5S,
https://youtu.be/7Iw7t-k-ZXI?si=ETu_IUB4I1y6oskY,
https://youtu.be/3JAvcyhoU-U?si=HdBR88DxqoPcjh-2,
https://youtu.be/xOZNkrGL49g?si=1V43EiDZJiHLwy_x,
https://youtu.be/VDYPL9Oj4eA?si=eojvyb5CK_GHZIeS,
https://youtu.be/5LACYrvV6uU?si=GjzGWe40XSlPoY8w,
https://youtu.be/Yb6S3eBq6GU?si=FkxUYEtfo6XamMRh,
https://youtu.be/89IJrHz06TY?si=B-86FPIxLWI-kRdv,
https://youtu.be/--qcJdGBmcU?si=-jMaAqIA2yaa3krG,
https://youtu.be/UtZBA1bVbcs?si=8VpeP-XVrrejUrVR,
https://youtu.be/Co7t6NxsW-4?si=8wjofGM8MMh1i7Vf,
https://youtu.be/K_xWPWBpvJ4?si=gvVm1_IWH4SoX9lB,
https://youtu.be/npGyv1m6nLU?si=Iq-wvZfJGmZuOmto,
https://youtu.be/RKvGzCEamzM?si=aM6XqCktPoWPp8yc,
https://youtu.be/Z2qupsguByk?si=O5EhajUn_SvUERE3,
https://youtu.be/_fbq8RaKlxI?si=kaFz-aqg04VvyDWX,
https://youtu.be/qMjP-I2haOU?si=5e-xiy5nEeeJ6-7o,
https://youtu.be/MsTXcJGeYEg?si=R2HTUSjFWa2itlkm,
https://youtu.be/ckcZhbmhgmM?si=Bghl8PYYf3FbGyRx,
https://youtu.be/omZD2lY0tYs?si=bYzidQQIxlcgTrKg,
https://youtu.be/uvIEhCPZV8U?si=yFcod6OQ4kqvo35O,
https://youtu.be/fpUpVznI4Yc?si=9M0QzT2bB3x5N7QU,
https://youtu.be/OaptZgTDWEg?si=z6uIbT8uYEfgr60Q,
https://youtu.be/dwxUgefMStM?si=Sw2II78tdfTbP3UD,
https://youtu.be/HqT0CVDK5X4?si=QMaYm3Q2efoV7qEZ,
https://youtu.be/moR4uw-NWLY?si=pScwbCi6YPCFVAB1,
https://youtu.be/nM41wr9FhIk?si=TSJUTyG-emKUPncV,
https://youtu.be/Ev5vp5ZA5tQ?si=bAplJsJ-CXrC-4Bm,
https://youtu.be/asM0ulkuB2I?si=BvakX-eJOnZhg-Ct,
https://youtu.be/JVTS3fyoAEQ?si=5-LP01eWCrgmeMmz,
https://youtu.be/iBv6kB7WxYg?si=Jbpfxi_N7NM1I1mi,
https://youtu.be/HZ4bgoPGzG8?si=g72l3tinDUJlMp30,
https://youtu.be/BNb07lvFqT8?si=Aq-aSPalXQ3Pa9iP,
https://youtu.be/1aAY7EI3u8c?si=R1EG0Rhf4ST67um4,
https://youtu.be/GVKRqIDS3WY?si=LU6cxD2fHd3dKnLf,
https://youtu.be/paZRnT7I9Vo?si=ErsGjJkdlaA24jIN,
https://youtu.be/dN-p8wmRkfg?si=KNmRaxqBYo_EW0TS,
https://youtu.be/0w6WlfdPSms?si=y0-5NlnJcXa6VCy_,
https://youtu.be/Yf6K_Akywpo?si=1yD4Mhw64Ncg8kYO,
https://youtu.be/hCL-xcCFVDM?si=YCVktdtRA4enDsZw,
https://youtu.be/nv9oqihEFnI?si=ph6vCd1iQ0-uuufj,
https://youtu.be/7OKDp7tfvYA?si=XncywGnYnCh2tzYB,
https://youtu.be/w5DYnqIZ9a0?si=ZXUBDez_20rYoRmJ,
https://youtu.be/Kf_JjqzryG4?si=SrD5Czq2VN2wMRsk,
https://youtu.be/LfX6JxfND44?si=CTN_7DReGvE40JH1,
https://youtu.be/mDHue6yW2iI?si=Ptgd9Y7qcMMwiKvg,
https://youtu.be/q4DirqNxjx0?si=gGHuoHsc6s6br3RM,
https://youtu.be/29-Seomd2oU?si=KQuj_Q6DUqzC1jho,
https://youtu.be/YhwRoFDtWvM?si=7Tos24OCKN8x6idw,
https://youtu.be/PU1WXaHCf6U?si=FRAxv8_RsMqM6KgF,
https://youtu.be/qGmaaio5aks?si=56kzF0dfCMC7nOm1,
https://youtu.be/CBswx7GEARc?si=Od-jWRELqY5atj39,
https://youtu.be/X6aEiZg7gTE?si=SBZ5ksgmUsxTjRyx,
https://youtu.be/U0TXIXTzJEY?si=niXXP5CzrLZ6qVNk,
https://youtu.be/jOQdO2yHo-4?si=UEuwLqM6dnHjGym1,
https://youtu.be/TFgpEotHaas?si=x2wxm5oszx5BP0gd,
https://youtu.be/LrBB_jq1hVE?si=kmmaOfX4V-8clLc0,
https://youtu.be/LayGV5mMAsk?si=b7PzHL0anEMNEBfT,
https://youtu.be/i1y5nqWSrZE?si=NIbiHWvHT6crOwV-,
https://youtu.be/EzsCb7ZwlQ0?si=AnbFe7J-7vSZmHmB,
https://youtu.be/KjNUH05niBA?si=eJxjuWb_dRDCoU_B,
https://youtu.be/R5kaDyq41qw?si=OLFKJkoM5q06NE1p,
https://youtu.be/cuN82OBSD9s?si=w26IY3ZZnrNlhYEA,
https://youtu.be/UIA3UhwTYUc?si=UqqHmaA2Cv5xbEnm,
https://youtu.be/-B57lnGcMpY?si=ICUb_Zylx_R1Mb4P,
https://youtu.be/rF0mD3Ao3Rs?si=fSJpWVm-JL4ahlI4,
https://youtu.be/8zBp1jzHf3Y?si=uEi7vstOz5pq175W,
https://youtu.be/YAgdOXlWw4A?si=iQZ426CmQ5PSkk27,
https://youtu.be/2rHRztFGOm8?si=ocp60pJNWyQtmw8c,
https://youtu.be/GatZo7k3pso?si=Yciin37UW3-jC_SM,
https://youtu.be/vK3IcfJZhV0?si=UxkFGT6D09Za92Tu,
https://youtu.be/AVblOqZBlJw?si=ljX6xBt8zLeNmpBF,
https://youtu.be/SNE2oCZH_4k?si=3ZVkq6aTd9BRIhT8,
https://youtu.be/8wXRvvGr8Ug?si=JSPVyEdQnAyfPjhC,
https://youtu.be/ZSzoKL-iO5M?si=LLjEzXpUjp3HAbur,
https://youtu.be/fWxaPGahQw8?si=7i7PMH6qsn0LVi0k,
https://youtu.be/vXv9cjW9HR0?si=Bf3YTWnncsNg26_D,
https://youtu.be/eFHtlECedPA?si=tkbFCPWqlaqwwdAV,
https://youtu.be/k1BneeJTDcU?si=2tQssLvXmvt8IIxn,
https://youtu.be/LuGAWR2eRyQ?si=yO2eoXulmxdBjWN5,
https://youtu.be/NoyJgR_09Vw?si=niwcnClaAVCwrj8r,
https://youtu.be/yydNF8tuVmU?si=cy6tzTqSC6_-4ktA,
https://youtu.be/_oGTXWh3dzE?si=rTF_Zcl_-FThgNst,
https://youtu.be/5Pk_oHxy15M?si=m4xWwJo4mQUtGd2D,
https://youtu.be/1pZm4LWWpL8?si=vS1km0hNJ_B3SwkW,
https://youtu.be/RzTm5peeZOs?si=2j6q0Ssty6IpPDT4,
https://youtu.be/8UVNT4wvIGY?si=EyNQaZfUjwB3k_1a,
https://youtu.be/7dfBmjrN5W0?si=drIpOfON0yEDMIpk,
https://youtu.be/-_RBJvfoszk?si=Bjk2A5tznwFTUtCy,
https://youtu.be/rn53IImQbRU?si=Rr-d1_qcH3g-u3N7,
https://youtu.be/vtW_hfamT5I?si=6W_4686B6vu_HH2u,
https://youtu.be/ZvRlusdjMSs?si=86c04c2Lw43vQIaK,
https://youtu.be/sO4vI8P88NM?si=YVRjAxfBC0EST49Y,
https://youtu.be/kv_76Y1nPRY?si=XlVcRg2qOh71I9e5,
https://youtu.be/XlAul6spLkA?si=pMF4A0fKVHWPeEif,
https://youtu.be/qBkVXaF5t-s?si=m2H5-1T6j643fx2r,
https://youtu.be/c4fDwlSfVRc?si=GrgW2EamugZnOYi_,
https://youtu.be/K5zODL3vXQc?si=bSWh-Pe7T2BMdD2d,
https://youtu.be/YAtc0d4fORg?si=nAJWqKPYolLvvznp,
https://youtu.be/-GHh61tezsY?si=QjD2OeTyjvopkcUH,
https://youtu.be/NWi4eavotFk?si=oWVKAoUHIc9pNf7f,
https://youtu.be/BMvqvnyGtGo?si=08RwaM4SIj19osNh,
https://youtu.be/H3maemHRKjw?si=OIV09Cm-ONBFYtJW,
https://youtu.be/_ubnhgZgsfc?si=dWUwszEBrLj89_ei,
https://youtu.be/c69eHlQrKaY?si=M5jG4JkJGJnhUfuz,
https://youtu.be/vSwZZJMmxVA?si=zYik7qA9Wa_VALJ1,
https://youtu.be/nwBi5YVO004?si=ti0YfVVDJIRClbR-,
https://youtu.be/P0uzELbI9UE?si=LA0N0sZW4kbs5r-E,
https://youtu.be/Fm33vztBSZs?si=2OqG39H5LJ0AwU1u,
https://youtu.be/dRCI9oAxeNg?si=L3YeGzHgiZ7k3YXP,
https://youtu.be/2hLHfOiFlr8?si=oUdIjLHdDx7sfEIO,
https://youtu.be/xpg2cEbQE7U?si=9HQ5Z-IwPdXy140K,
https://youtu.be/k_aQYP8rsgE?si=cmIdJX6QS8lHygLV,
https://youtu.be/UQdZPdpIaSk?si=CeguKgUpmqYpkU-N,
https://youtu.be/Fl0YWLT6iFE?si=6jeOQbOkDdbvEG9x,
https://youtu.be/h9WrDfe3T6o?si=bC7GIWdgYeWWlJZQ,
https://youtu.be/z2NRKXA4hjA?si=i1vIWcL4_ZKj2u3s,
https://youtu.be/qrFdCuOi5n8?si=hmIPj1shhF1adEeq,
https://youtu.be/b-DkR7-TKu4?si=yl8z40VPKUFKm6FA,
https://youtu.be/CblqpnlpnM4?si=tUNhc4K5XnfG5kHn,
https://youtu.be/J2q8cp2J9j8?si=_W3Z84N3ht0abgok,
https://youtu.be/VpCXh3in6mE?si=jgaUAYaxROkRjOVf,
https://youtu.be/s664OoWKACI?si=XZN0GTvsfacO_jIM,
https://youtu.be/2ZBtPf7FOoM?si=dxY1E5bC6eyo0XZ0,
https://youtu.be/fJ9rUzIMcZQ?si=nJN154kxhDDBL7pR,
https://youtu.be/Aj5-PUXVK_w?si=TRcb_vSvWVQm_btK,
https://youtu.be/CR_B0eN0BLE?si=r4p3jT9x_Ug_THCp,
https://youtu.be/K0HSD_i2DvA?si=ThhWEla6PeqOlXiV,
https://youtu.be/Nl_Eo2QzqU4?si=iBpPf10m_19uHfdg,
https://youtu.be/OBhlJ6aRMiM?si=jB_TTmzf-7wjWFQQ,
https://youtu.be/bR4sxAyOp0Q?si=urPnG76uunZKobBu,
https://youtu.be/ZJHtN8ofmwQ?si=9rWxkKOsrqS8_Lli,
https://youtu.be/F4AtCNBbONU?si=AOjZySHL4GilHsnn,
https://youtu.be/T8EL51jlrJA?si=agAyR1rygo7WE4tS,
https://youtu.be/tmozGmGoJuw?si=XpKVk9zNhQN34S7g,
https://youtu.be/ddwxyI3hgz8?si=0J2flEPBH4wlPW6M,
https://youtu.be/ALWxFmD2R_0?si=DxJH66zjh_JYrijj,
https://youtu.be/LhhT8Lrd7ss?si=RXGDFbojZG45b9Mm,
https://youtu.be/3Mop46Wlt3U?si=iDRzPqy5akp3e4VY,
https://youtu.be/3sTQu-AQM-Y?si=PD48XZs6WIX-6z_d,
https://youtu.be/qrxv0JNVtgY?si=RBLoVJ8ON79nE_p8,
https://youtu.be/m14iASHPv10?si=8epoPCd1c7n7wzUp,
https://youtu.be/GIuc81vfTVU?si=RAXPcTds91cJqead,
https://youtu.be/EFYftMkYa7Y?si=OiGO-yYnHdj8TSbS,
https://youtu.be/vlXnAnSkQtI?si=0WSpQF1lVswbeX0L,
https://youtu.be/G02wKufX3nw?si=D9vvj1T1RRtcq-tB,
https://youtu.be/haBeRluizqI?si=7PyGaBe3nlv1o6ED,
https://youtu.be/91GTuZWCQmY?si=HqoHJAIiCoJUyRZq,
https://youtu.be/yGJfpTRL_Sw?si=bcVwNrs-FMAA6TEf,
https://youtu.be/OvJR4RRBkmI?si=5jqE9lVR1bRuRDI2,
https://youtu.be/5fY8utOP6ow?si=2Fh5aBpSU53yUQML,
https://youtu.be/PWjqhlkIWDE?si=S6kZi9ea10rTpZwl,
https://youtu.be/1vRwUigMZuY?si=rRCXJC2scdQYLZVh,
https://youtu.be/rsGNH1ck_GA?si=6nGmgLCFZJMhy92Q,
https://youtu.be/XikO3LpabAE?si=LCSzxmpxX7tK4qMQ,
https://youtu.be/iOI8CvsGC5s?si=4ZGJbrcNddcYfJ20,
https://youtu.be/d2Z-lyepvvg?si=S1qbfY_QH45Tnmk1,
https://youtu.be/l0R9DKdd_PE?si=LFWEq13M9WlWmq6L,
https://youtu.be/lJ8O4js4f7M?si=D4OwN-wLRyp231GQ,
https://youtu.be/_Jbb4KYNQbw?si=1e_dkBokss94vdJ-,
https://youtu.be/V-za0UNs3-I?si=be0lwNKE0VqBuBXM,
https://youtu.be/J6GE0XnIv7A?si=HlWgrWVVgpLs4BgN,
https://youtu.be/f1V0cQFyC7E?si=3La-Fd0mEAA43RP8,
https://youtu.be/tjXGm-mqvHc?si=HlUZib8eIHQeBQ88,
https://youtu.be/r5Rjaa-uI4Q?si=-Lye2OkebjQDxG7y,
https://youtu.be/l8tmbCP7zaY?si=edfH9uPQ5-TcJbH_,
https://youtu.be/UcR48z8H9Yg?si=ZLNrmDSzQ8kq4hZP,
https://youtu.be/ccMHSE3VEqg?si=lKRlFS_pUNkPBB8U,
https://youtu.be/lYE8-d4imWY?si=dlkIoZhiR20XC62b,
https://youtu.be/2b6Y-GcU_j8?si=6pMrPxxSNeFVSjR8,
https://youtu.be/lVrEqYeGXaE?si=jS-fuPGvDI5vXmn5,
https://youtu.be/GwclyfPgKhc?si=dKXMi36xGdOU9wL1,
https://youtu.be/LYa_ReqRlcs?si=h4yKtqy3u-mfl7vW,
https://youtu.be/MgNCjYXCxOc?si=n3CQjY3dTZJBmNrN,
https://youtu.be/vqKoFKVxTYM?si=Avp9tlX3Fkx-B2G2,
https://youtu.be/DrkTe3Tc7Jg?si=aRyS6wJgzvH7K-iJ,
https://youtu.be/oksESAMg7WM?si=Zi5uV8rgbI7_CNyi,
https://youtu.be/oW8-vLR1FJg?si=UZ0XN68TPZWnWqSl,
https://youtu.be/mgQOEPWxp7c?si=EUe-8Lseum3EVy70,
https://youtu.be/0C-nrISXE7A?si=DD98gieXIAj9_bE7,
https://youtu.be/FvicQ31D-J8?si=LsTeNGIz3gQN-V0I,
https://youtu.be/sLpOgL5hWC8?si=6bYpqd5HQa5vXTsU,
https://youtu.be/DYed5whEf4g?si=iGEfyjssjlv65uC-,
https://youtu.be/Z65Qy27jjUE?si=4K4ZjBvx7J-Yx6bn,
https://youtu.be/k5mX3NkA7jM?si=qRLUJvgTiCKMqO6N,
https://youtu.be/aU6g9GFYdjg?si=tbibzVRTQZH_-IcU,
https://youtu.be/csZTPVCLHyk?si=6nX0pzArFuj-eOxS,
https://youtu.be/DCLM0DrliXI?si=S3HopkD5gVEqUBw_,
https://youtu.be/evny_w98PjI?si=c_gSj4XVREr-gGCu,
https://youtu.be/evny_w98PjI?si=h7zRHW3egJ_vWNRJ,
https://youtu.be/oBVj7jgkpjk?si=dgag1xF4wtF9R_zT,
https://youtu.be/LMXsu1T_TZw?si=Jr0hOArsEkvp_BOh,
https://youtu.be/EuVTt-M3IXo?si=e3bq5_jK_Wi6zNuS,
https://youtu.be/fiT-w34Se48?si=O1MagKI5O2P2wjJD,
https://youtu.be/i3As7wOIJds?si=IPwAWNbp06HMJVgz,
https://youtu.be/3U7sE61Z98s?si=KL1h-EazyqZx2qGD,
https://youtu.be/oe5WzVf1kq4?si=59orWqVnLwGxGlxD,
https://youtu.be/5djEDsdm25o?si=j5bI53Rlk2KJiNDk,
https://youtu.be/F4HCl4kFYFQ?si=QX9QmcC3Rl6AGteO,
https://youtu.be/CS9OO0S5w2k?si=Kw5cLiaF90Jx-CGT,
https://youtu.be/pqdgpIlwlVo?si=O0LuituaVySpITkN,
https://youtu.be/Gyesg51TQRs?si=3LSp0q5yhf7aiu1F,
https://youtu.be/6ltg8_WZ2-c?si=Wx8bXFNdhdNGD-Is,
https://youtu.be/ubk1skSE9OA?si=ysR5LYdpVTIW89uz,
https://youtu.be/BHfXhiUgnQ0?si=11Fw20vnGQojAJNm,
https://youtu.be/7UNRUcj9_vY?si=NMusyOxjedF-lZHC,
https://youtu.be/VG3JsmOmDqw?si=P2aecrdHZwvylFcb,
https://youtu.be/xDuZUt8jxwI?si=1qHBSUFKNOCPamqS,
https://youtu.be/XPpTgCho5ZA?si=DFc3wZVuiDvLwPqG,
https://youtu.be/8DyziWtkfBw?si=EaHZkROKTbxcn7FD,
https://youtu.be/gHWb9MBkMQo?si=835GB_egFFbuzYM6,
https://youtu.be/qK7j_EERgT4?si=M3oaFYfaZDUIrMqw,
https://youtu.be/pRGmFiEyr0A?si=C3zoWYRqZIVh0pBs,
https://youtu.be/EjB6-VR_KQU?si=VOLK_Yizlwe9TMVA,
https://youtu.be/CYpn8yUnX_c?si=5EtjqcAxaiWJBjae,
https://youtu.be/jrlS8KCvgy4?si=LZrrIcVJFAbS134C,
https://youtu.be/Fq5DLoUprbc?si=0htYnbAr_crXDJVi,
https://youtu.be/hxiwUOsnVh0?si=olsqOfZ6pfvtaEm9,
https://youtu.be/GeyA2L5LNBk?si=KxAQIHnWDKXk0Q6_,
https://youtu.be/9CbQl98JEbE?si=zBaaqLNFIYDH3p9q,
https://youtu.be/JH398xAYpZA?si=ZjLIc3woNCOr1wtq,
https://youtu.be/61ymOWwOwuk?si=N_looltAlKzWVtF0,
https://youtu.be/AXO2i4Edl1c?si=MnCZQFV9LZh3m7wI,
https://youtu.be/3sDLMktfqFM?si=p4VZsEN4POT50Q79,
https://youtu.be/x1XuN5Rq2ws?si=VBGZ4xy4M9TTrAnl,
https://youtu.be/Y2shDoIBJIs?si=XGZGFp25r1psP4A4,
https://youtu.be/9Qlh1l7k9bU?si=1YXB3YPSUHpEKba8,
https://youtu.be/5GJBg7zFfw8?si=7ucPbqCPnWU3-lXo,
https://youtu.be/zyXmsVwZqX4?si=ifm7uczLD2VPbFGn,
https://youtu.be/ZHzRCok2bIU?si=I4hJD4vlJLPYXynM,
https://youtu.be/LJuLQwasG4k?si=3DTswK2ftyBUxW-i,
https://youtu.be/wI2fCaZdidc?si=5QFsIVRGMZ1ygOOn,
https://youtu.be/sFCpqrMMQGM?si=kV8cig8jr15RAm97,
https://youtu.be/mj9KRKSvdbk?si=xOyPx7ieGmcozuib,
https://youtu.be/wU0UbTDxABI?si=MgoTCBOAFfcGeODd,
https://youtu.be/UCqTE4VibbM?si=hjJ-2o-8NUi7dq3_,
https://youtu.be/-0lCd9rrCZo?si=ip-4ez-JK4aFBRz6,
https://youtu.be/aTeJTwSj058?si=4IjMSWZ01b-CIOui,
https://youtu.be/Cc2hU6WoOLo?si=RVIRD49gluHCbgSq,
https://youtu.be/F0xdQ8ES9fc?si=b46OLR0s4BZvJV4E,
https://youtu.be/UIrMIZMqrc8?si=o0o-X3J6mK2LSmAF,
https://youtu.be/VredAgNScOw?si=QG9TMOIH4CHZwhWQ,
https://youtu.be/anw6Gyh_ahU?si=ahHUNelyba5IIiGx,
https://youtu.be/LBNunJq7AAc?si=QhVmZc2ZQpt7vjCZ,
https://youtu.be/TrlKxV5KWJo?si=PAIuv1c8hAtaQabx,
https://youtu.be/gAWWvtpZyQE?si=1v5VMY1uzE_SGcI3,
https://youtu.be/fhwQ0obIPAE?si=IbA3ItJCxib8AbGf,
https://youtu.be/U2eMcpeidyI?si=RB4fSP0RHFSwWlZW,
https://youtu.be/59ZBaVfdst0?si=_c87REy4eASrayO0,
https://youtu.be/Tj1S9m19L3U?si=rdASv41QN2gFacql,
https://youtu.be/qAZmig_rXBE?si=L2QwcTZ_g7xBpL1u,
https://youtu.be/pQsF3pzOc54?si=iOGiSjzyWP54mGqq,
https://youtu.be/sXiOuwlcn3U?si=8LOywbFfgwI0IoMs,
https://youtu.be/XtEu0aF7P3A?si=-l1wFVC07f4I2Q0B,
https://youtu.be/4Z_c-JQx_Hk?si=dQ7apgxWRK-yKHe9,
https://youtu.be/qKYUd5y0bOA?si=GNyrXzHRTNETVYQT,
https://youtu.be/1pNz3kNHOxE?si=4fFoIgRiueiS1eo-,
https://youtu.be/AGwFGXN0Txo?si=U9vQScofmQqGX2HE,
https://youtu.be/QMXzdCxAExg?si=6OE1NDaswRdxxXVx,
https://youtu.be/iDNi2o56DTE?si=FNrc5pN5gNhjwbJl,
https://youtu.be/ldZhueT9I-w?si=vmZNjfVHTjQO_tQC,
https://youtu.be/MXebZ3FxkQ4?si=RFyfNbznBPWpJQxl,
https://youtu.be/3bsra-SEpxI?si=RPLt2T3CcbXWcus9,
https://youtu.be/YXexSXix3zs?si=JuYBoyU4smbCfDor,
https://youtu.be/g7TcFvORooU?si=OflcF6lSUgq5oToE,
https://youtu.be/AMC6BpF1sxE?si=NKYJRyQQ2UW5KRdV,
https://youtu.be/ZtCOsQqrBrs?si=2FDuriQpo8VaIGxF,
https://youtu.be/NXWPkm7x1OM?si=m3ObjJ7aUL5t4u79,
https://youtu.be/oAzNQKbncxA?si=34t1JFTSWElRFT3U,
https://youtu.be/_N_Uqd7JBcM?si=ZZCHe3rted8osP0l,
https://youtu.be/qlaRFRA4qFU?si=l9L4OsEpI6TNr86H,
https://youtu.be/UztXN2rKQNc?si=BWRONsYe7LRrK_aC,
https://youtu.be/ub3EI4xw48c?si=Jupky1D8EY_5o0x7,
https://youtu.be/37YDcIQABEs?si=12TtM7uadKrLq973,
https://youtu.be/fSZvkr21dqk?si=_Z4MFUvbP3jOPa18,
https://youtu.be/jsjdjWGDvFk?si=IHUKyD1m-LvuchgZ,
https://youtu.be/4tGA_QI2rDM?si=rlW9YZwFWwuNj2Ni,
https://youtu.be/P8LdKZyRXY4?si=YPYBJCfNfL02VYnh,
https://youtu.be/gFU2BIkaREY?si=kBooGeINY8DIX3N7,
https://youtu.be/a5oedjPzCUg?si=_w7vAMsYgUwv3yx2,
https://youtu.be/6Z5WdSL0BK0?si=qBvYL1jiiq0gTSSV,
https://youtu.be/56ZNQHS29tw?si=MW6g4slp5CQGbaQi,
https://youtu.be/SaNQiEH6JO4?si=a0oYNWYYEs37TtfX,
https://youtu.be/VNYwpNguPo4?si=t2BbBeYMS2KTK5rb,
https://youtu.be/MiUjLJJligs?si=_-7AzlQ0TmI7ua6X,
https://youtu.be/OBqw818mQ1E?si=bnG_8EggRUJIMOau,
https://youtu.be/_XG3h6LywNQ?si=IyubqFO8ot6cSlmU,
https://youtu.be/hv-F6LZ1sJk?si=nHQwvQ4shW_8bOjw,
https://youtu.be/FTzJNutzUPs?si=phT2pkHD79-YepN6,
https://youtu.be/4oDJik52ScM?si=IxTjbEwQiuZuLt23,
https://youtu.be/q5jWAVS6S-k?si=zhVwBMjN64Q8shQ4,
https://youtu.be/rS7Va0sBYAM?si=XmJDJjToi_U8iutS,
https://youtu.be/4TYv2PhG89A?si=o_0M8jqLKSrFN1Aq,
# ,
https://youtu.be/8HA6kS5WeYw?si=ErGma6zyQFx7pK6e,
https://youtu.be/_B0CyOAO8y0?si=6fDkaahmFevSRPAZ,
https://youtu.be/5RMtMuATmVM?si=MvmelN-CS2-WP2yy,
https://youtu.be/xAgUYyosqVM?si=CwqE4WBATrwsskUG,
https://youtu.be/f--UUHGg_Mc?si=DyTAbe6xb4esU--B,
https://youtu.be/0JMdXFHo5SY?si=Maq-Aga7Lyx1Z3B-,
https://youtu.be/Fg2CvKG39Rc?si=0jkjM2vqbB05psay,
https://youtu.be/Ucmo6hDZRSY?si=G7upmXXNqGWAVqbY,
https://youtu.be/BRD9BqjIk-E?si=eYMan_0sPlM9WSWL,
https://youtu.be/pLJ85XExZtQ?si=3x_ZiMNwW8kJ8B-x,
https://youtu.be/EOFA9kPQ_uU?si=qRdm5ucMYp4u_r5E,
https://youtu.be/OC1SkK5BO6E?si=9cMLvANPFyIad9wj,
https://youtu.be/I8sUC-dsW8A?si=uoGLSsMl78r2FxDb,
https://youtu.be/rygZkj3W_RM?si=2_ygDdH7DMUpTA4l,
https://youtu.be/qR2QIJdtgiU?si=vgv_MpvxKM2Pxi_g,
https://youtu.be/pOhPOwd4o9U?si=Te_8EzgXo4XcBk5r,
https://youtu.be/_p2NvO6KrBs?si=c6RvE_meRiSWI6jB,
https://youtu.be/RGvKLa0CYzE?si=gEFjhrVMDmfa03-N,
https://youtu.be/Tz8HmN2uvuk?si=4gHwmrbGQcTp1rbB,
https://youtu.be/q1tAnXBUpno?si=FJuwDdhy7bNFL35g,
https://youtu.be/4X7ZvpwBiKA?si=91jZgHR43u4OE1Mj,
https://youtu.be/ipYafcHd0jA?si=LHTg4Lf4r-wopy1i,
https://youtu.be/xLirITfSCVY?si=jx5QUP3JTzmZyIQ5,
https://youtu.be/5_QwMRE-BKc?si=4U9S-mp3ieZttqvK,
https://youtu.be/dLrdSC9MVb4?si=8CYZm92-Z2Uip3CM,
https://youtu.be/1RliQKR6jXM?si=mcr78Ch4CBrR69qV,
https://youtu.be/7OL4ScsAuC8?si=_37-GIvBlL4WShyg,
https://youtu.be/yRGgl9KT9rE?si=y90cOVONa-K70Lvf,
https://youtu.be/YtV8ou2cxGs?si=Xk2_Q86vS_vD_K_z,
https://youtu.be/IX0r4H2i9uY?si=GMDWNoCXyFITJTdT,
https://youtu.be/kqwG0lwn-ec?si=vCELXouFStXhxe9L,
https://youtu.be/iD__IJWqwY8?si=B7kgenK-HtnPJqCS,
https://youtu.be/Hy8kmNEo1i8?si=HmMHryJj4-e2THcL,
https://youtu.be/7neipvZ_H0c?si=ynUdw89Tl7pv2buK,
https://youtu.be/hCP66Z3nEis?si=WlaWf4JFxJtb_N7I,
https://youtu.be/yMNoXMl_PZs?si=ONOHLJ4KgFlKsArz,
https://youtu.be/mqb7R-ZPcrI?si=3gRP9Ru8ZVz0q-Mx,
https://youtu.be/SiJie3Z7DG8?si=agCMX5VjdyBrvN-s,
https://youtu.be/6CeoM5e40yM?si=MKOOssULUJw_yUiX,
https://youtu.be/V3JbmZ7VH1E?si=pYSsIHHg-W3wiSvu,
https://youtu.be/SECVGN4Bsgg?si=JKEQNam8HFywGkEs,
https://youtu.be/eNvUS-6PTbs?si=aSMtnDBhaTOGLBY5,
https://youtu.be/2g5xkLqIElU?si=VNnRmM2ONTooy2nL,
https://youtu.be/MXkZ-eeGs6A?si=8ElnCL7h_8wwhtWF,
https://youtu.be/bLyZ-el5_Is?si=rgjVznDlGw2hSlzs,
https://youtu.be/2SUwOgmvzK4?si=W2lnmHCxvKfXJ7cu,
https://youtu.be/-sJU-n-aTxA?si=Un0wtWZwInyGu-Ta,
https://youtu.be/odeHP8N4LKc?si=AlrTwysm6Ot6oEAm,
https://youtu.be/D_cMCvudZBs?si=XCoKoTFD7bT7xHE2,
https://youtu.be/cw2B1qDZq_Y?si=2ivE2qoI-IpvawK4,
https://youtu.be/evJ6gX1lp2o?si=6U3ZhOLSBrmpmPF4,
https://youtu.be/_9bw_VtMUGA?si=LfhQzl4Me8hgJCdv,
https://youtu.be/GHe8kKO8uds?si=7Gb43olcQG-b6G1e,
https://youtu.be/EgAOqt8I5ac?si=AV9h8YuNWJ0fUrsI,
https://youtu.be/K_7K7v2KGYU?si=UXkjmpO9nZC_KcVH,
https://youtu.be/TmIwm5RElRs?si=jUXUWkZZ1Zm0JY1t,
https://youtu.be/fsLPj_BG3fg?si=vlJNpvqa2AZ5-OLb,
https://youtu.be/EF8YkyhupPQ?si=0lfAvUf5swC2aVcu,
https://youtu.be/s0ofuXYkYi0?si=I3sZavfEry440Fp1,
https://youtu.be/YlUKcNNmywk?si=Gnt7dmq4lHCYRYox,
https://youtu.be/DZyYapMZSec?si=NVhgOJqxTaDFjr3G,
https://youtu.be/9jvaHOi6YRI?si=MYNu_vHfiwEBaFk7,
https://youtu.be/X791IzOwt3Q?si=51q97Vxa3LO4QR2o,
https://youtu.be/O4irXQhgMqg?si=CzUasiLnI64-3jLX,
https://youtu.be/8D4hcrkI2xU?si=p2A2h29vt9DFs5Sl,
https://youtu.be/AMSiHdrHl0g?si=lVd6WDpptuq61p6q,
https://youtu.be/PbpIyn70t8c?si=xOfkIbDkmoumHtfS,
https://youtu.be/kBFGQ_Khc3Q?si=fzmNpe_FReYlXd9g,
https://youtu.be/YQ5G8m2XOZg?si=qju9gzp1bZg7TY3F,
https://youtu.be/WC5FdFlUcl0?si=Z4z3hJ0LBo0arR9l,
https://youtu.be/y8OtzJtp-EM?si=Uf637cI_rd3ff7hJ,
https://youtu.be/FTQbiNvZqaY?si=-zJ9hePqvDBxzT31,
https://youtu.be/2Z2D8OYnkmk?si=57CiXIrIotfQiAWR,
https://youtu.be/iDnHovrCmNg?si=ZGTD75VDYXUGsEFh,
https://youtu.be/dnjs569Ba20?si=me98sTyrWgP7Hqdf,
https://youtu.be/INFTEYj6Rkk?si=5-9KpH40FByWTpl-,
https://youtu.be/-NuX79Ud8zI?si=r7MOKO6DsGO7b4wu,
https://youtu.be/YLgqgh7qAbU?si=zbw0ileV0xLfOItm,
https://youtu.be/HI8-xdP7XfM?si=ZeA1zQ0vkdcYCOnw,
https://youtu.be/JP7rsrjCOIM?si=rgomDQBM4cqhHI9p,
https://youtu.be/BeBhy375xsI?si=93aChL_FYN4xS2FU,
https://youtu.be/1ERI1GoZ4NA?si=CodX8Tj-ARqKOg0q,
https://youtu.be/Dw1ZC6sZjIY?si=nhTkKUt4z13B7UNK,
https://youtu.be/oU6uUEwZ8FM?si=IM8d0Xu-ECcwEBmf,
https://youtu.be/i3v-xXym9t4?si=1zwR2MfD5O0CRvaI,
https://youtu.be/LrIF5CuYK1Y?si=TPRQNoShjxM1QZ_K,
https://youtu.be/N7QSavYWEE0?si=uMiH5Py5VSEJlITs,
https://youtu.be/TqoDFpLyio0?si=zqTYYZbQSt96hLIL,
https://youtu.be/rn_YodiJO6k?si=nY_-Q50qltvfVZZv,
https://youtu.be/cQFEcBIf8z0?si=-1tYGr6wkj3TGnEO,
https://youtu.be/HJ5_vDmnjmU?si=Ig1lUEbwH6DpNdi9,
https://youtu.be/8XfgfooA5BQ?si=ZR77pRLvegmHszim,
https://youtu.be/iJ348azPmcY?si=X62o-KRc45z2kMoI,
https://youtu.be/wMzIHuWh_I0?si=_8TPmK9bkHeTgrRV,
https://youtu.be/3jxn1sqAQ-c?si=UGfjlDpWdJ5RqoNs,
https://youtu.be/IQCG3DchxYU?si=fA4RVk4YleREva3s,
https://youtu.be/0LwcvjNJTuM?si=3mON61xPC9K38ssh,
https://youtu.be/4J4vDzC_9-g?si=RPJB9tnMhALO7krv,
https://youtu.be/nVtSBNvAC7w?si=-Z_b62qYX1J-A21y,
https://youtu.be/-6G6AW7oApA?si=-IcUGLXfRerfqD-4,
https://youtu.be/mpTF_8uaE6E?si=wSTpS2ttsACfB-Fd,
https://youtu.be/S2c38TzDZoc?si=KNjVrRzepjdN2Lbj,
https://youtu.be/A1z4ZU9XxM4?si=_tJ3UxzaIj4KlX-s,
https://youtu.be/r2NWtoWRVKo?si=-MXHSN3oeVtCl-2O,
https://youtu.be/IjBzDIrcRdk?si=aMCjq4oT5z1PusLj,
https://youtu.be/-iI-hMlSB-M?si=xhjPBhJxzmRCbeLv,
https://youtu.be/xsV6wk4nzPw?si=_N0hiGObBwZyE9dN,
https://youtu.be/auLopgsgJ_s?si=LKwM49zSHiFL1kNd,
https://youtu.be/iLC-tHvkNvI?si=Gyg85xypPPr8-QFJ,
https://youtu.be/Z056hRt23Fo?si=IeAUO-0aCNgphjOj,
https://youtu.be/5XhA9k7x2TM?si=XwPrtgKaDOifhj4n,
https://youtu.be/tEzYsaLm7nw?si=YX5MQ8H5DKjQ9wru,
https://youtu.be/aT92TZhTI5I?si=WZi7jlxUWQIUsjFI,
https://youtu.be/eSRNzNF9rgM?si=28b6vwkivBXzmtuz,
https://youtu.be/oznQNIvnaAQ?si=vIdbGLybQyCg1Gpr,
https://youtu.be/zNhHhtJ1reM?si=oYI_AnigAbdln4OH,
https://youtu.be/VKDxBG7voGQ?si=cDMki4cOe91aci5I,
https://youtu.be/B7sFF95h8No?si=hEMfQMy13NTNxt_l,
https://youtu.be/s0NME1GfbIc?si=nigMdfkrxOwdmRtF,
https://youtu.be/Zr6k3mvZRQA?si=OKBRgvzDTpVObVVh,
https://youtu.be/Cl2KnCumdmA?si=LGqTJSnlWy16dxmy,
https://youtu.be/HIgvP7B3Hg8?si=dZSOAjoLQyvhVKTV,
https://youtu.be/BCbuxFKTVdc?si=HGkfYn0ZkoeKIhrn,
https://youtu.be/YWSJkdR49PI?si=_DcdceMPD6G8InMI,
https://youtu.be/91qb6hmsZMw?si=M-r7AO5o8rJCut8E,
https://youtu.be/t9rfCiBF92k?si=OlZSeiNyETlR0VXc,
https://youtu.be/2O0ydiFR9jM?si=43B903mKzW_bLXJb,
https://youtu.be/T4wFw-nH5OY?si=UtyH6rOZyTSp5Ed0,
https://youtu.be/8xpmuUJOxKQ?si=SepRoknfL25r1I3n,
https://youtu.be/YeW9MMTVXw0?si=kA0wnlJHPDvYklkp,
https://youtu.be/J9lwyXVgPIY?si=k6wWk025FSxG1XY1,
https://youtu.be/psakeF6cJRE?si=uTF-ZLYSmwpBCw07,
https://youtu.be/z09i6kKxZkw?si=zOvbQKqe3tMhrH4D,
https://youtu.be/arTV2RjpItk?si=LPXJHzlb0tFTJEUP,
https://youtu.be/TADxdahPBUA?si=gi8QzHDF4Vny7vdH,
https://youtu.be/cj73hUrwM1s?si=dVabq7hA-8yjXbWv,
https://youtu.be/N7BkgcBAQqg?si=NDKuLRqwjM9qHcvx,
https://youtu.be/izGwDsrQ1eQ?si=sgPLRvCM0OYYOH0C,
https://youtu.be/oN-8J1QA7f8?si=Mj7ziYLcr5m3gpjm,
https://youtu.be/zG5YzRxOcsI?si=TiGa3zq1MVNdaRv3,
https://youtu.be/6q6GtPdVHL4?si=JKTakifzuZH5e6Si,
https://youtu.be/Y0U6u2D8cMU?si=BU9lp4nnl-bfh5tw,
https://youtu.be/50qu96dvhH8?si=YVoD7ro7k61rU3IL,
https://youtu.be/C7y67MXt2Gw?si=tBKeKRrCkneZwmId,
https://youtu.be/VQXacmXrntg?si=GcXdO2q1L3mWJPf3,
https://youtu.be/ps16RaWvcPE?si=XNUHAuFysO4_98mO,
https://youtu.be/8xPKqk2HC98?si=WXB4XJz-R7ResHXT,
https://youtu.be/Pme_z3Rn9KA?si=FsM3OU43B7CH1Aia,
https://youtu.be/7yvrsDDGWNQ?si=Z3_Pr5xSVhVLSyLI,
# good bye boogie dance
https://youtu.be/Rrcs9AoXutw?si=4ZE7CrlpyUSUmTtL,
https://youtu.be/3uXFSvMZIwQ?si=fXwg8woWLvJSPSUQ,
https://youtu.be/DFmIVOKnw84?si=jfsNbWORURgiJQKR,
https://youtu.be/eFIR1OXjuAQ?si=HkLxYk4xL-0xm0d4,
https://youtu.be/zi7l20VjQ2I?si=y4K01tM5EuC5MfFF,
https://youtu.be/NkS3XLy3ga4?si=jdarf_Q4PHvVvrib,
https://youtu.be/xIQrC4CerB8?si=aPVK9TyVS4cCe0Qq,
https://youtu.be/MSepOYJxB64?si=5Ruk1KLIOg_BIvh-,
https://youtu.be/o3_InDEtpLA?si=bHDwkCpXU2YJLukn,
https://youtu.be/KOIEo_74L-Q?si=Nx2WhWxuQ9zVrNGf,
https://youtu.be/XuZDeT8zI5c?si=BLO3CGOhkIFunMzu,
https://youtu.be/j1Z_Ihkluek?si=z7LnGrd5UhbuXeXu,
https://youtu.be/Qtf8YFw8iZg?si=VT9rEYg2TuIp1IYp,
https://youtu.be/BTthtlT80Rc?si=rlFKf4l0VJitFBYA,
https://youtu.be/hwR6teRhmlc?si=LJGm_PAv5Cwzn_7W,
https://youtu.be/Q6MjA2jAtDA?si=mMoVtfZ4fEABBcMM,
https://youtu.be/LJCLUhBzBM8?si=dYGx9TRH4kiYNsnm,
https://youtu.be/SwToedwyhoE?si=Xf5Jyrka2uRLBWNU,
https://youtu.be/nHjaNDGgYEA?si=1n1jMw23c-qcCB-U,
https://youtu.be/6qtMHIvBL5E?si=rBwjHMpjRVJ4ZF5A,
https://youtu.be/jtVewawP3i8?si=VvMKJquqtiFXefiq,
https://youtu.be/nTwp1sgUJrM?si=33cosDO_21t2jEp4,
https://youtu.be/Y-zhTlOcAMU?si=_2gJB5TSFrO-53Jx,
https://youtu.be/OWN379eboME?si=JQDua3yQul2_zG_j,
https://youtu.be/R682YYI1h0c?si=eS31ESMerMo3CutZ,
https://youtu.be/UV4N93fI-m4?si=uHbMhXdIzVkxZNPF,
https://youtu.be/tlqIQ28sc6o?si=Z-VU5Luj9mq3WsNC,
https://youtu.be/BDJ7W15hFF4?si=lIEOd7wEWk_QbxX4,
https://youtu.be/chcDexATsWI?si=40kG0vBxsyQwujm-,
https://youtu.be/rf3cnulwRiU?si=7Mqf02DERqXkKJWP,
https://youtu.be/JAkaA6V3Gxo?si=Tq_h7cTuZ6QY2VlF,
https://youtu.be/oN3We_nQ7Jc?si=DlPeI9HrFkvoPri-,
https://youtu.be/XxEdkh4lYUQ?si=Mp-nLW9IQCCPqELP,
https://youtu.be/HN0vkS4zhc4?si=pMpcIAgzUMCAEQah,
https://youtu.be/WWwgBVwwFDA?si=f-ktQr9nO8n3ztfd,
https://youtu.be/yQEUGxngQN4?si=vs_1bag4PrHFO1ra,
https://youtu.be/TzlecLbdo-s?si=4a5ZbXNtPovwmrQQ,
https://youtu.be/mLzrlJyT0_4?si=7OoeXlcjdnrG44Np,
https://youtu.be/eI2c-Nrgsko?si=76SeuF01FwLvgySa,
https://youtu.be/Si--_wP_xTY?si=bqAxHqmRGzRPGqwT,
https://youtu.be/7CiPYm8t310?si=DSOr1yqtfb9I09_-,
https://youtu.be/A0cr2cfSH9I?si=u82nunul8KaTjza5,
https://youtu.be/EFEmTsfFL5A?si=OSRGvmqE8HxnYvMv,
https://youtu.be/WmkRJd2Lv0A?si=e3QwIaT2rZCrCgSc,
https://youtu.be/OdvSAM1x4KQ?si=MRQ305KlrmJ_ayOa,
https://youtu.be/cSP9KTL86hw?si=6CUZ6Yq3yHYi7zut,
https://youtu.be/r3_05qavJnM?si=R1q-rdYnFjbi3pOj,
https://youtu.be/OU8QssAstPA?si=CcGqcGDBlYCzWYMp,
https://youtu.be/YycdCG0L8Kg?si=Qh7NTFbPd_2WswIl,
https://youtu.be/Tt6H_MuhkNc?si=3tJO9GrfJX0Y98yP,
https://youtu.be/wme9RDwoR9Y?si=9kx7mOH203cd-Qzk,
https://youtu.be/i4EjetJBdWE?si=GP1fa0zbNaDU8Hiz,
https://youtu.be/zw76E7oTk9w?si=J6TNaRnAeb7fVrfY,
https://youtu.be/B4ZQvniSX4M?si=jIwbDn99g3PxTm_g,
https://youtu.be/t0NkTtRsxEc?si=lqqKKXHEp4RLwAwt,
https://youtu.be/unV3OwA14co?si=NMPkJNVStmFMjfs8,
https://youtu.be/ZVWt9FbE_Is?si=Xt6RYHJxyKJa0S6P,
https://youtu.be/WsPI841IKw4?si=JD23hXkOgf7tygNd,
https://youtu.be/XKh8nuHjj1c?si=EEW4t8-j_pM7Ny8Y,
https://youtu.be/BEQAk2d-wrA?si=TLf3wdImYVLzZvAt,
https://youtu.be/Q-Se1wp830g?si=ShITMqAflMqt-sVv,
https://youtu.be/bm6fgI6E6SM?si=LsMV8NUDSSjrZGki,
https://youtu.be/UqgAtnS0_bc?si=3rMVwfwxEP-7fsp_,
